scenario_id,p,config,seed,spawned,passed,pass_rate,avg_travel_time,avg_gate_wait,t_first_pass,t_last_pass,active_period,throughput_active,per_gate_active,W1_avg_density,W1_peak_density,W2_avg_density,W2_peak_density
p10_cfg1_s42,0.1,1,42,794,794,1.0,53.522916666666674,23.12588161209068,33.4,583.35,"time
90.0     4
90.5     5
91.0     4
91.5     4
92.0     6
        ..
597.5    2
598.0    2
598.5    2
599.0    2
599.5    1
Length: 800, dtype: int64",1.4437676152377488,0.20625251646253553,0.4249498825820494,1.0316742081447965,0.259,0.55
p10_cfg1_s43,0.1,1,43,823,823,1.0,53.97924297924299,21.553219927095995,35.0,577.4,"time
90.0     12
90.5     11
91.0     11
91.5     10
92.0     10
         ..
594.5     2
595.0     2
595.5     1
596.0     1
596.5     1
Length: 791, dtype: int64",1.517330383480826,0.21676148335440373,0.43528720942281784,1.1040723981900453,0.34506953223767384,0.7
p10_cfg1_s44,0.1,1,44,807,805,0.9975216852540273,51.96926605504588,22.663664596273293,34.300000000000004,598.5500000000001,"time
90.0     7
90.5     6
91.0     5
91.5     6
92.0     6
        ..
597.5    8
598.0    6
598.5    6
599.0    8
599.5    7
Length: 770, dtype: int64",1.4266725742135575,0.20381036774479394,0.44597239419581974,1.1493212669683257,0.3011038961038961,0.75
p10_cfg1_s45,0.1,1,45,857,856,0.9988331388564761,53.26345454545455,22.62348130841121,34.5,595.95,"time
90.0     5
90.5     6
91.0     6
91.5     6
92.0     7
        ..
597.5    5
598.0    5
598.5    4
599.0    5
599.5    4
Length: 782, dtype: int64",1.5246237420963575,0.21780339172805108,0.46507818317200295,1.1040723981900453,0.33976982097186703,0.85
p10_cfg1_s46,0.1,1,46,811,811,1.0,52.7125806451613,23.30622688039457,33.0,597.75,"time
90.0     8
90.5     7
91.0     7
91.5     8
92.0     9
        ..
597.5    4
598.0    4
598.5    3
599.0    4
599.5    5
Length: 757, dtype: int64",1.4360336432049579,0.20514766331499398,0.44973953878010936,1.0769230769230769,0.2715984147952444,0.55
p10_cfg2_s42,0.1,2,42,794,794,1.0,58.66097402597404,31.67632241813602,33.4,599.4,"time
90.0     9
90.5     9
91.0     8
91.5     8
92.0     7
        ..
597.5    5
598.0    4
598.5    4
599.0    4
599.5    4
Length: 900, dtype: int64",1.4028268551236749,0.20040383644623927,0.4833194411367786,1.1402714932126696,0.23566666666666664,0.5
p10_cfg2_s43,0.1,2,43,823,823,1.0,59.19596469104667,32.50030376670717,34.95,598.3000000000001,"time
90.0     6
90.5     7
91.0     5
91.5     5
92.0     5
        ..
597.5    6
598.0    6
598.5    7
599.0    6
599.5    6
Length: 914, dtype: int64",1.4609035235643915,0.20870050336634163,0.5111133743628542,1.1945701357466063,0.23938730853391682,0.55
p10_cfg2_s44,0.1,2,44,807,776,0.9615861214374225,55.63039348710991,29.906894329896907,34.300000000000004,599.45,"time
90.0     4
90.5     5
91.0     5
91.5     5
92.0     5
        ..
597.5    7
598.0    7
598.5    6
599.0    5
599.5    5
Length: 841, dtype: int64",1.3730867911174023,0.1961552558739146,0.5281167286667321,1.248868778280543,0.2382282996432818,0.45
p10_cfg2_s45,0.1,2,45,857,833,0.9719953325554259,60.1353199498118,34.05294117647059,34.9,599.75,"time
90.0     9
90.5     9
91.0     7
91.5     8
92.0     9
        ..
597.5    4
598.0    5
598.5    6
599.0    6
599.5    5
Length: 904, dtype: int64",1.4747278038417277,0.21067540054881825,0.5716794180358711,1.2850678733031675,0.24336283185840707,0.5
p10_cfg2_s46,0.1,2,46,811,790,0.9741060419235512,56.13037135278515,30.03354430379747,33.0,599.6,"time
90.0     8
90.5     6
91.0     7
91.5     6
92.0     7
        ..
597.5    5
598.0    5
598.5    5
599.0    5
599.5    5
Length: 840, dtype: int64",1.3942816801976703,0.19918309717109575,0.5076755875560386,1.2036199095022624,0.24017857142857144,0.5
p10_cfg3_s42,0.1,3,42,794,780,0.982367758186398,70.32446808510639,45.45980769230769,34.35,599.3000000000001,"time
90.0     7
90.5     7
91.0     7
91.5     8
92.0     8
        ..
597.5    3
598.0    3
598.5    3
599.0    5
599.5    5
Length: 1016, dtype: int64",1.3806531551464731,0.19723616502092473,0.6058291189779078,1.1040723981900453,0.1732775590551181,0.4
p10_cfg3_s43,0.1,3,43,823,786,0.9550425273390036,73.46174540682415,48.86348600508906,34.45,598.1,"time
90.0     6
90.5     7
91.0     6
91.5     5
92.0     6
        ..
597.5    2
598.0    2
598.5    2
599.0    2
599.5    1
Length: 1017, dtype: int64",1.394482391555043,0.199211770222149,0.6810220920947564,1.0950226244343892,0.17546705998033432,0.4
p10_cfg3_s44,0.1,3,44,807,752,0.9318463444857497,62.60502754820938,37.37932180851064,35.300000000000004,599.95,"time
90.0     4
90.5     4
91.0     4
91.5     4
92.0     4
        ..
597.5    2
598.0    2
598.5    1
599.0    1
599.5    2
Length: 957, dtype: int64",1.331798459222527,0.19025692274607528,0.5804611779496115,1.1221719457013575,0.17152560083594565,0.4
p10_cfg3_s45,0.1,3,45,857,801,0.9346557759626605,66.98139534883721,42.0292759051186,34.050000000000004,598.5500000000001,"time
90.0     4
90.5     4
91.0     5
91.5     5
92.0     5
        ..
597.5    2
598.0    3
598.5    3
599.0    2
599.5    4
Length: 1010, dtype: int64",1.4189548272807793,0.20270783246868276,0.6357022446987846,1.1221719457013575,0.17787128712871286,0.4
p10_cfg3_s46,0.1,3,46,811,754,0.9297163995067818,68.95700549450551,44.63388594164457,33.7,599.85,"time
90.0     4
90.5     3
91.0     4
91.5     3
92.0     2
        ..
597.0    2
597.5    2
598.0    1
599.0    2
599.5    2
Length: 962, dtype: int64",1.3318025258323767,0.19025750369033953,0.639504994974921,1.0950226244343892,0.1721933471933472,0.45
p10_cfg4_s42,0.1,4,42,794,626,0.7884130982367759,123.40008291873964,104.6420926517572,34.35,599.7,"time
90.0     5
90.5     6
91.0     4
91.5     5
92.0     3
        ..
597.5    3
598.0    3
598.5    3
599.0    3
599.5    2
Length: 1006, dtype: int64",1.107278676925798,0.15818266813225687,0.76308224647325,0.8506787330316742,0.17127236580516897,0.4
p10_cfg4_s43,0.1,4,43,823,627,0.7618469015795869,124.83793103448276,104.73508771929824,34.45,599.2,"time
90.0     3
90.5     4
91.0     5
91.5     5
92.0     5
        ..
597.5    2
598.0    3
598.5    3
599.0    3
599.5    4
Length: 1009, dtype: int64",1.1102257636122177,0.1586036805160311,0.7639073729039126,0.8416289592760181,0.1742814667988107,0.45
p10_cfg4_s44,0.1,4,44,807,603,0.7472118959107806,116.05017123287672,96.1514096185738,34.550000000000004,599.7,"time
90.0     3
90.5     4
91.0     5
91.5     5
92.0     5
        ..
597.5    3
598.0    2
598.5    2
599.0    2
599.5    2
Length: 1007, dtype: int64",1.0669733699017958,0.15242476712882796,0.7472806317096975,0.8597285067873304,0.1644488579940417,0.4
p10_cfg4_s45,0.1,4,45,857,612,0.7141190198366394,124.25950764006792,105.70710784313724,34.4,599.4,"time
90.0     6
90.5     7
91.0     7
91.5     6
92.0     6
        ..
597.5    3
598.0    3
598.5    4
599.0    4
599.5    5
Length: 1008, dtype: int64",1.0831858407079646,0.1547408343868521,0.7607576967438558,0.8506787330316742,0.1703373015873016,0.4
p10_cfg4_s46,0.1,4,46,811,593,0.7311960542540074,140.68432055749133,121.26349072512647,33.7,598.8000000000001,"time
90.0     2
90.5     4
91.0     4
91.5     4
92.0     5
        ..
597.5    3
598.0    3
598.5    4
599.0    5
599.5    4
Length: 993, dtype: int64",1.049371792603079,0.14991025608615413,0.7738532517079231,0.8868778280542986,0.15976837865055388,0.35
p10_cfg5_s42,0.1,5,42,794,449,0.5654911838790933,172.2701612903226,153.17048997772827,34.550000000000004,599.0,"time
90.0     2
90.5     3
91.0     3
91.5     2
92.0     2
        ..
597.5    2
598.0    2
598.5    2
599.0    3
599.5    2
Length: 954, dtype: int64",0.7954646115687837,0.11363780165268338,0.5228462425694259,0.6063348416289592,0.09989517819706499,0.3
p10_cfg5_s43,0.1,5,43,823,440,0.534629404617254,174.5732394366197,155.9015909090909,34.800000000000004,597.9,"time
90.0     1
90.5     1
91.0     1
91.5     1
92.0     1
        ..
597.5    2
598.0    2
598.5    2
599.0    2
599.5    1
Length: 913, dtype: int64",0.781388740898597,0.11162696298551386,0.5248868778280543,0.6153846153846154,0.1049288061336254,0.35
p10_cfg5_s44,0.1,5,44,807,441,0.5464684014869888,160.8264568764569,139.43027210884352,34.9,598.75,"time
90.0     3
90.5     3
91.0     2
91.5     3
92.0     3
        ..
597.5    1
598.0    1
598.5    1
599.0    2
599.5    2
Length: 902, dtype: int64",0.7821229050279329,0.11173184357541899,0.52535711117026,0.6153846153846154,0.10033259423503327,0.3
p10_cfg5_s45,0.1,5,45,857,437,0.5099183197199533,171.36469194312795,153.41899313501142,35.050000000000004,599.5,"time
90.0     2
90.5     3
91.0     3
91.5     3
92.0     3
        ..
597.5    2
598.0    2
598.5    2
599.0    3
599.5    2
Length: 945, dtype: int64",0.7742049782974576,0.11060071118535109,0.5262443438914027,0.6244343891402715,0.10074074074074073,0.25
p10_cfg5_s46,0.1,5,46,811,428,0.5277435265104808,169.97729468599036,151.54240654205606,34.45,598.65,"time
91.0     1
91.5     1
92.0     1
92.5     1
93.0     3
        ..
597.5    1
598.0    1
598.5    1
599.0    1
599.5    1
Length: 948, dtype: int64",0.7585962424672102,0.10837089178103003,0.5231301570401916,0.6063348416289592,0.09530590717299578,0.3
p10_cfg6_s42,0.1,6,42,794,261,0.32871536523929473,191.31850393700788,159.1860153256705,34.300000000000004,598.8000000000001,"time
90.0     1
90.5     1
91.0     1
91.5     1
92.0     1
        ..
597.5    2
598.0    3
598.5    3
599.0    2
599.5    2
Length: 930, dtype: int64",0.46235606731620893,0.06605086675945841,0.41150740839322153,0.9230769230769231,0.09252688172043011,0.3
p10_cfg6_s43,0.1,6,43,823,266,0.32320777642770354,190.4476833976834,159.60545112781955,34.800000000000004,596.75,"time
90.0     5
90.5     4
91.0     4
91.5     5
92.0     5
        ..
597.5    2
598.0    2
598.5    3
599.0    3
599.5    3
Length: 907, dtype: int64",0.47335172168342377,0.06762167452620339,0.4349214799041789,0.9321266968325792,0.09729878721058435,0.25
p10_cfg6_s44,0.1,6,44,807,275,0.34076827757125155,182.83092592592595,150.24818181818182,34.9,599.85,"time
90.0     5
90.5     4
91.0     5
91.5     5
92.0     4
        ..
596.0    2
596.5    1
597.0    1
597.5    1
598.0    1
Length: 925, dtype: int64",0.4867687405965129,0.06953839151378756,0.423635879691243,0.9773755656108597,0.10291891891891891,0.35
p10_cfg6_s45,0.1,6,45,857,272,0.31738623103850644,192.02687969924816,158.6924632352941,35.25,598.85,"time
90.0     3
90.5     3
91.0     3
91.5     3
92.0     3
        ..
597.5    2
598.0    1
598.5    1
599.0    2
599.5    1
Length: 925, dtype: int64",0.4826117814052519,0.06894454020075028,0.4463845266613433,0.9683257918552036,0.09751351351351352,0.3
p10_cfg6_s46,0.1,6,46,811,269,0.3316892725030826,185.21140684410648,153.16263940520446,34.45,595.15,"time
90.0     4
90.5     4
91.0     3
91.5     3
92.0     2
        ..
597.5    2
598.0    2
598.5    1
599.0    1
599.5    2
Length: 891, dtype: int64",0.4797574460495809,0.068536778007083,0.42964244521337946,0.9592760180995475,0.09719416386083053,0.3
p30_cfg1_s42,0.3,1,42,794,794,1.0,52.87582697201019,17.855919395465992,33.4,571.75,"time
90.0      9
90.5     12
91.0     10
91.5     10
92.0      9
         ..
597.0     2
597.5     2
598.0     1
598.5     1
599.0     1
Length: 844, dtype: int64",1.4748769387944645,0.21069670554206635,0.3572609351432881,0.8144796380090498,0.4197274881516588,1.1
p30_cfg1_s43,0.3,1,43,823,823,1.0,54.772229140722295,19.89374240583232,35.0,587.75,"time
90.0     7
90.5     7
91.0     6
91.5     6
92.0     5
        ..
597.5    4
598.0    4
598.5    3
599.0    4
599.5    4
Length: 896, dtype: int64",1.4889190411578472,0.21270272016540676,0.3719294442788631,0.9864253393665159,0.42684151785714286,1.1
p30_cfg1_s44,0.3,1,44,807,807,1.0,52.65806028833553,18.919083023543983,34.300000000000004,598.75,"time
90.0      9
90.5      9
91.0     10
91.5      9
92.0      9
         ..
597.5    19
598.0    18
598.5    19
599.0    20
599.5    18
Length: 882, dtype: int64",1.429710337496678,0.20424433392809685,0.36456424312211794,1.0497737556561086,0.39149659863945574,1.0
p30_cfg1_s45,0.3,1,45,857,848,0.9894982497082847,54.41138855054813,19.75159198113207,34.5,598.75,"time
90.0     8
90.5     9
91.0     7
91.5     7
92.0     9
        ..
597.5    5
598.0    5
598.5    5
599.0    5
599.5    3
Length: 908, dtype: int64",1.5028799291094372,0.2146971327299196,0.38244809066689217,0.9049773755656109,0.43937224669603525,0.95
p30_cfg1_s46,0.3,1,46,811,803,0.9901356350184957,52.52689295039164,18.616313823163136,33.0,598.75,"time
90.0      7
90.5      9
91.0      7
91.5      8
92.0     10
         ..
597.5    16
598.0    14
598.5    15
599.0    15
599.5    14
Length: 809, dtype: int64",1.4193548387096775,0.20276497695852536,0.37124104449472095,0.9502262443438914,0.45939431396786157,1.1
p30_cfg2_s42,0.3,2,42,794,794,1.0,50.457278481012665,16.72115869017632,33.4,585.8000000000001,"time
90.0     12
90.5     11
91.0     11
91.5      9
92.0     12
         ..
597.5     3
598.0     2
598.5     2
599.0     2
599.5     1
Length: 733, dtype: int64",1.4373642288196957,0.20533774697424226,0.359725360134425,0.8506787330316742,0.37155525238744885,0.75
p30_cfg2_s43,0.3,2,43,823,823,1.0,51.6454323995128,16.07509113001215,34.95,575.75,"time
90.0     9
90.5     8
91.0     9
91.5     9
92.0     9
        ..
592.5    2
593.0    2
593.5    1
594.0    1
594.5    1
Length: 730, dtype: int64",1.521819526627219,0.21740278951817413,0.3831580019219632,0.9049773755656109,0.4460958904109589,1.05
p30_cfg2_s44,0.3,2,44,807,807,1.0,49.01965428937262,15.601239157372984,34.300000000000004,587.1,"time
90.0      5
90.5      6
91.0      8
91.5      6
92.0      7
         ..
597.5    11
598.0    11
598.5    10
599.0    10
599.5    12
Length: 706, dtype: int64",1.4598408104196814,0.20854868720281164,0.37992219007114236,0.995475113122172,0.4069405099150142,0.9
p30_cfg2_s45,0.3,2,45,857,857,1.0,51.2678355501814,17.64690781796966,34.9,591.7,"time
90.0      8
90.5      8
91.0      8
91.5      8
92.0      8
         ..
597.5    10
598.0    11
598.5    11
599.0    11
599.5    10
Length: 777, dtype: int64",1.5391522988505746,0.21987889983579637,0.40088214262106925,0.9592760180995475,0.4314671814671815,0.9
p30_cfg2_s46,0.3,2,46,811,811,1.0,49.92962962962964,17.639704069050556,33.0,592.6,"time
90.0     7
90.5     8
91.0     9
91.5     8
92.0     6
        ..
597.5    7
598.0    8
598.5    7
599.0    7
599.5    6
Length: 745, dtype: int64",1.4492494639027877,0.20703563770039826,0.36968386365976724,0.9411764705882353,0.35268456375838925,0.8
p30_cfg3_s42,0.3,3,42,794,792,0.9974811083123426,53.65487646293889,25.0042297979798,34.35,598.65,"time
90.0     10
90.5     10
91.0      9
91.5      9
92.0     10
         ..
597.5     2
598.0     2
598.5     1
599.0     2
599.5     2
Length: 887, dtype: int64",1.4035087719298247,0.2005012531328321,0.388964926038313,0.9773755656108597,0.22750845546786924,0.6
p30_cfg3_s43,0.3,3,43,823,822,0.9987849331713244,53.823375000000006,25.316970802919712,34.45,598.4,"time
90.0     7
90.5     8
91.0     7
91.5     9
92.0     8
        ..
597.5    4
598.0    4
598.5    4
599.0    5
599.5    6
Length: 872, dtype: int64",1.4575760262434614,0.20822514660620878,0.41838023568127375,0.9683257918552036,0.2344036697247706,0.65
p30_cfg3_s44,0.3,3,44,807,796,0.9863692688971499,52.10615183246073,23.37229899497487,35.300000000000004,599.4,"time
90.0     10
90.5      9
91.0      9
91.5      9
92.0      9
         ..
597.5     4
598.0     4
598.5     4
599.0     3
599.5     3
Length: 825, dtype: int64",1.4110973231696506,0.20158533188137867,0.4271241246811057,1.0407239819004526,0.2713333333333333,0.75
p30_cfg3_s45,0.3,3,45,857,845,0.9859976662777129,54.067277167277176,26.01295857988166,34.050000000000004,599.7,"time
90.0     8
90.5     7
91.0     8
91.5     9
92.0     9
        ..
597.5    4
598.0    3
598.5    3
599.0    4
599.5    4
Length: 889, dtype: int64",1.4938566251215413,0.21340808930307734,0.4556810027969366,1.0407239819004526,0.23650168728908888,0.55
p30_cfg3_s46,0.3,3,46,811,792,0.9765721331689272,51.65833333333334,22.936742424242425,33.7,598.4,"time
90.0     5
90.5     3
91.0     3
91.5     5
92.0     5
        ..
597.5    4
598.0    4
598.5    3
599.0    4
599.5    4
Length: 821, dtype: int64",1.4025146095271828,0.20035922993245467,0.4197702749738949,0.9592760180995475,0.2471985383678441,0.65
p30_cfg4_s42,0.3,4,42,794,780,0.982367758186398,59.16664464993397,32.14833333333333,34.35,598.4,"time
90.0     6
90.5     5
91.0     5
91.5     5
92.0     6
        ..
597.5    4
598.0    4
598.5    5
599.0    5
599.5    5
Length: 1001, dtype: int64",1.3828561297757291,0.19755087568224702,0.4492350363146619,0.9321266968325792,0.21238761238761236,0.5
p30_cfg4_s43,0.3,4,43,823,755,0.9173754556500607,68.06387755102043,42.35218543046358,34.45,599.7,"time
90.0      8
90.5      9
91.0      9
91.5      9
92.0     10
         ..
597.5     4
598.0     4
598.5     5
599.0     4
599.5     3
Length: 1017, dtype: int64",1.3356921716054844,0.19081316737221204,0.5904622482477154,0.9140271493212669,0.20073746312684365,0.5
p30_cfg4_s44,0.3,4,44,807,767,0.9504337050805453,58.350000000000016,31.05365058670144,34.550000000000004,599.95,"time
90.0     9
90.5     9
91.0     7
91.5     8
92.0     5
        ..
597.5    3
598.0    4
598.5    3
599.0    3
599.5    4
Length: 962, dtype: int64",1.3565617262115315,0.19379453231593308,0.4762037821564421,0.9049773755656109,0.21159043659043658,0.5
p30_cfg4_s45,0.3,4,45,857,765,0.8926487747957993,70.3277777777778,44.00967320261438,34.4,599.85,"time
90.0     7
90.5     7
91.0     7
91.5     8
92.0     8
        ..
597.5    1
598.0    1
598.5    1
599.0    1
599.5    1
Length: 1014, dtype: int64",1.3529047661154832,0.19327210944506903,0.6117203442462958,0.9230769230769231,0.19930966469428008,0.5
p30_cfg4_s46,0.3,4,46,811,760,0.93711467324291,65.98056680161945,39.80769736842105,33.7,597.45,"time
90.0     6
90.5     8
91.0     9
91.5     9
92.0     8
        ..
597.5    3
598.0    3
598.5    3
599.0    3
599.5    2
Length: 994, dtype: int64",1.3481152993348116,0.19258789990497308,0.5616215161321068,0.9140271493212669,0.20774647887323944,0.55
p30_cfg5_s42,0.3,5,42,794,625,0.7871536523929471,93.54541734860884,70.56544,34.550000000000004,599.0,"time
90.0     8
90.5     8
91.0     9
91.5     8
92.0     9
        ..
597.5    3
598.0    3
598.5    3
599.0    3
599.5    3
Length: 930, dtype: int64",1.1072725662148994,0.15818179517355707,0.5287729571466596,0.6877828054298643,0.1511290322580645,0.55
p30_cfg5_s43,0.3,5,43,823,600,0.7290400972053463,110.9183673469388,88.60425000000002,34.800000000000004,598.45,"time
90.0     6
90.5     5
91.0     6
91.5     7
92.0     6
        ..
597.5    2
598.0    2
598.5    1
599.0    1
599.5    1
Length: 939, dtype: int64",1.0644903752328572,0.1520700536046939,0.5340253748558247,0.6606334841628959,0.1395101171458999,0.5
p30_cfg5_s44,0.3,5,44,807,574,0.711276332094176,104.10889679715304,82.17081881533102,34.9,598.65,"time
90.0     1
90.5     1
91.0     1
92.0     2
92.5     2
        ..
597.5    1
598.0    1
598.5    2
599.0    2
599.5    2
Length: 925, dtype: int64",1.018181818181818,0.14545454545454545,0.5266435986159169,0.669683257918552,0.13967567567567568,0.55
p30_cfg5_s45,0.3,5,45,857,610,0.7117852975495916,106.7650501672241,84.29196721311476,35.1,596.7,"time
90.0     3
90.5     5
91.0     4
91.5     4
92.0     3
        ..
597.5    2
598.0    2
598.5    3
599.0    3
599.5    3
Length: 949, dtype: int64",1.0861823361823362,0.15516890516890516,0.536687073019253,0.6968325791855203,0.13904109589041097,0.45
p30_cfg5_s46,0.3,5,46,811,618,0.7620221948212084,107.51,85.12160194174758,33.9,599.45,"time
90.0     10
90.5      8
91.0      8
91.5      7
92.0      7
         ..
597.5     2
598.0     2
598.5     2
599.0     2
599.5     1
Length: 936, dtype: int64",1.0927415789938997,0.1561059398562714,0.5361636057137787,0.669683257918552,0.14369658119658119,0.5
p30_cfg6_s42,0.3,6,42,794,411,0.517632241813602,124.17171215880892,96.65255474452556,34.300000000000004,599.9,"time
90.0     2
90.5     3
91.0     4
91.5     4
92.0     4
        ..
597.5    2
598.0    2
598.5    2
599.0    2
599.5    3
Length: 936, dtype: int64",0.7266619519094766,0.10380885027278237,0.33366160944015616,0.669683257918552,0.12467948717948718,0.4
p30_cfg6_s43,0.3,6,43,823,403,0.4896719319562576,129.05414572864322,100.62369727047148,34.800000000000004,598.4,"time
90.0     2
90.5     2
91.0     4
91.5     4
92.0     4
        ..
597.0    1
598.0    1
598.5    1
599.0    1
599.5    1
Length: 927, dtype: int64",0.7150461320085166,0.10214944742978808,0.3585662319226333,0.7692307692307693,0.12179072276159655,0.4
p30_cfg6_s44,0.3,6,44,807,418,0.5179677819083024,116.46512195121954,91.89413875598086,34.9,599.9,"time
90.0     1
90.5     2
91.0     2
91.5     3
92.0     3
        ..
597.5    2
598.0    2
598.5    1
599.0    1
599.5    1
Length: 937, dtype: int64",0.7398230088495575,0.10568900126422251,0.34887765060775444,0.7782805429864253,0.12710779082177162,0.4
p30_cfg6_s45,0.3,6,45,857,447,0.5215869311551925,118.82925170068027,90.498322147651,35.1,599.8000000000001,"time
90.0     4
90.5     3
91.0     3
91.5     3
92.0     4
        ..
597.5    1
598.0    1
598.5    1
599.0    1
599.5    1
Length: 907, dtype: int64",0.7915707455285992,0.11308153507551418,0.3578298287640848,0.7873303167420814,0.13809261300992282,0.45
p30_cfg6_s46,0.3,6,46,811,399,0.4919852034525277,129.34452926208652,100.9951127819549,33.9,597.4,"time
90.0     2
90.5     3
91.0     3
91.5     5
92.0     5
        ..
597.5    1
598.0    1
598.5    1
599.0    2
599.5    2
Length: 940, dtype: int64",0.7080745341614907,0.10115350488021295,0.3572974891313992,0.7692307692307693,0.1151063829787234,0.35
p50_cfg1_s42,0.5,1,42,794,731,0.9206549118387909,74.5811188811189,41.23057455540355,33.4,598.25,"time
90.0     9
90.5     8
91.0     8
91.5     8
92.0     7
        ..
597.5    3
598.0    3
598.5    3
599.0    3
599.5    3
Length: 1020, dtype: int64",1.2941488890855979,0.18487841272651398,0.32959808357732234,0.7149321266968326,0.30323529411764705,0.85
p50_cfg1_s43,0.5,1,43,823,740,0.8991494532199271,77.2428275862069,44.501824324324325,35.0,599.5,"time
90.0     8
90.5     8
91.0     7
91.5     8
92.0     8
        ..
597.5    2
598.0    3
598.5    3
599.0    2
599.5    2
Length: 1020, dtype: int64",1.3108945969884853,0.18727065671264076,0.34092804542631533,0.669683257918552,0.28568627450980394,0.65
p50_cfg1_s44,0.5,1,44,807,732,0.9070631970260223,66.8562412342216,33.81045081967212,34.300000000000004,599.25,"time
90.0      9
90.5      9
91.0      9
91.5      9
92.0     10
         ..
597.5     4
598.0     3
598.5     3
599.0     3
599.5     3
Length: 1011, dtype: int64",1.2956898840605362,0.18509855486579088,0.333864970207428,0.7692307692307693,0.27898120672601384,0.8
p50_cfg1_s45,0.5,1,45,857,763,0.8903150525087514,75.52584118438763,44.16723460026212,34.050000000000004,598.25,"time
90.0     10
90.5     10
91.0      9
91.5     10
92.0     10
         ..
597.5     4
598.0     3
598.5     3
599.0     3
599.5     3
Length: 1020, dtype: int64",1.3523573200992556,0.19319390287132224,0.3473693549818117,0.669683257918552,0.3132843137254902,0.85
p50_cfg1_s46,0.5,1,46,811,711,0.8766954377311961,80.99906609195403,48.31504922644162,33.0,598.25,"time
90.0     6
90.5     7
91.0     7
91.5     6
92.0     8
        ..
597.5    3
598.0    3
598.5    2
599.0    2
599.5    3
Length: 1020, dtype: int64",1.2578505086245024,0.17969292980350035,0.3385591340608642,0.6787330316742082,0.25392156862745097,0.6
p50_cfg2_s42,0.5,2,42,794,794,1.0,49.644395465994975,15.16649874055415,33.4,567.0,"time
90.0     8
90.5     8
91.0     8
91.5     8
92.0     7
        ..
593.0    2
593.5    2
594.0    1
594.5    1
595.0    1
Length: 747, dtype: int64",1.4880059970014992,0.21257228528592845,0.3591637621004345,0.9049773755656109,0.38306559571619814,0.9
p50_cfg2_s43,0.5,2,43,823,823,1.0,50.41656479217605,16.401761846901575,34.95,575.25,"time
90.0     8
90.5     6
91.0     7
91.5     6
92.0     6
        ..
597.5    3
598.0    3
598.5    3
599.0    2
599.5    2
Length: 767, dtype: int64",1.5232278363871925,0.21760397662674177,0.3792817945508809,0.8778280542986425,0.38494132985658414,0.9
p50_cfg2_s44,0.5,2,44,807,807,1.0,49.47396373056995,16.969888475836424,34.300000000000004,591.75,"time
90.0     7
90.5     6
91.0     5
91.5     7
92.0     6
        ..
597.5    6
598.0    5
598.5    6
599.0    6
599.5    5
Length: 713, dtype: int64",1.4476634675755673,0.20680906679650962,0.3885849157815685,0.9864253393665159,0.39165497896213186,1.05
p50_cfg2_s45,0.5,2,45,857,857,1.0,51.48980815347723,18.09801633605601,34.050000000000004,585.25,"time
90.0      9
90.5      9
91.0      8
91.5     10
92.0     10
         ..
597.5     4
598.0     5
598.5     4
599.0     4
599.5     4
Length: 774, dtype: int64",1.5547895500725688,0.22211279286750982,0.41211182049215894,0.9411764705882353,0.41686046511627906,0.9
p50_cfg2_s46,0.5,2,46,811,811,1.0,48.74074074074076,16.730641183723787,33.0,596.75,"time
90.0     9
90.5     8
91.0     8
91.5     8
92.0     7
        ..
597.5    3
598.0    3
598.5    3
599.0    3
599.5    3
Length: 752, dtype: int64",1.438580931263858,0.20551156160912257,0.35381254395737766,0.8416289592760181,0.3372340425531915,0.85
p50_cfg3_s42,0.5,3,42,794,794,1.0,48.64104665825978,10.245528967254405,34.35,564.15,"time
90.0     10
90.5     11
91.0     11
91.5     11
92.0     12
         ..
588.0     3
588.5     2
589.0     1
589.5     1
590.0     1
Length: 699, dtype: int64",1.498678746696867,0.21409696381383814,0.3121719457013574,0.7692307692307693,0.6243204577968526,1.35
p50_cfg3_s43,0.5,3,43,823,823,1.0,50.09494518879416,13.371749696233287,34.45,575.45,"time
90.0     12
90.5     10
91.0     11
91.5     12
92.0     11
         ..
589.0     2
589.5     2
590.0     2
590.5     1
591.0     1
Length: 732, dtype: int64",1.521256931608133,0.21732241880116185,0.3406751521859435,0.8235294117647058,0.5628415300546448,1.2
p50_cfg3_s44,0.5,3,44,807,806,0.9987608426270136,49.11931079323798,11.848325062034736,35.300000000000004,598.95,"time
90.0     14
90.5     13
91.0     12
91.5     12
92.0     16
         ..
597.5    12
598.0    11
598.5    12
599.0    11
599.5    10
Length: 702, dtype: int64",1.4299654040628047,0.2042807720089721,0.3403660430877288,0.9140271493212669,0.6510683760683761,1.3
p50_cfg3_s45,0.5,3,45,857,857,1.0,51.37279322853689,14.16050175029171,34.6,582.5500000000001,"time
90.0     11
90.5     12
91.0     12
91.5     12
92.0     12
         ..
597.5    17
598.0    16
598.5    15
599.0    16
599.5    16
Length: 748, dtype: int64",1.5640113149009944,0.2234301878429992,0.3698791874349827,0.9049773755656109,0.6466577540106953,1.35
p50_cfg3_s46,0.5,3,46,811,811,1.0,49.22765006385697,11.136189889025893,33.7,580.25,"time
90.0     12
90.5     15
91.0     15
91.5     14
92.0     15
         ..
597.5    18
598.0    18
598.5    17
599.0    17
599.5    16
Length: 699, dtype: int64",1.4838532613667552,0.21197903733810788,0.32438282140859803,0.8868778280542986,0.7228898426323319,1.5
p50_cfg4_s42,0.5,4,42,794,794,1.0,50.01828644501279,17.510453400503778,34.35,596.5,"time
90.0     7
90.5     8
91.0     8
91.5     8
92.0     8
        ..
597.5    4
598.0    4
598.5    3
599.0    2
599.5    2
Length: 839, dtype: int64",1.4124344036289247,0.20177634337556066,0.3224739593026038,0.8144796380090498,0.3092967818831943,0.9
p50_cfg4_s43,0.5,4,43,823,823,1.0,50.19209876543211,17.274908869987843,34.45,589.8000000000001,"time
90.0     11
90.5     11
91.0     11
91.5     12
92.0     14
         ..
597.5     5
598.0     4
598.5     5
599.0     6
599.5     5
Length: 871, dtype: int64",1.481948320878725,0.211706902982675,0.33584949239378065,0.8235294117647058,0.3249138920780712,1.0
p50_cfg4_s44,0.5,4,44,807,800,0.9913258983890955,49.675357607282194,16.9275,34.550000000000004,599.95,"time
90.0     12
90.5     10
91.0     11
91.5     12
92.0     10
         ..
597.5     4
598.0     4
598.5     4
599.0     3
599.5     2
Length: 816, dtype: int64",1.4149274849663953,0.2021324978523422,0.34890324839823383,0.9140271493212669,0.35919117647058824,1.05
p50_cfg4_s45,0.5,4,45,857,851,0.9929988331388565,53.17836363636365,19.649001175088127,34.7,599.65,"time
90.0     13
90.5     13
91.0     15
91.5     14
92.0     14
         ..
597.5     3
598.0     3
598.5     3
599.0     3
599.5     3
Length: 914, dtype: int64",1.506327993627755,0.21518971337539355,0.3758508754672437,0.9321266968325792,0.349835886214442,1.0
p50_cfg4_s46,0.5,4,46,811,810,0.998766954377312,48.94019230769232,13.67574074074074,33.7,597.65,"time
90.0     10
90.5     11
91.0     10
91.5     12
92.0     12
         ..
597.5     8
598.0     7
598.5     6
599.0     6
599.5     6
Length: 784, dtype: int64",1.4362975441085204,0.20518536344407434,0.2994053501152893,0.7692307692307693,0.48188775510204085,1.15
p50_cfg5_s42,0.5,5,42,794,749,0.9433249370277078,68.23028455284555,39.45514018691589,34.550000000000004,598.7,"time
90.0     10
90.5      8
91.0      9
91.5      9
92.0      8
         ..
596.5     1
598.0     1
598.5     1
599.0     1
599.5     1
Length: 957, dtype: int64",1.327661083045289,0.18966586900646987,0.5005234673054741,0.7692307692307693,0.2118599791013584,0.7
p50_cfg5_s43,0.5,5,43,823,767,0.9319562575941677,65.1370026525199,36.2106258148631,34.800000000000004,599.65,"time
90.0      9
90.5      9
91.0     10
91.5      9
92.0     10
         ..
597.5     3
598.0     3
598.5     3
599.0     2
599.5     2
Length: 957, dtype: int64",1.3578826237054085,0.1939832319579155,0.47241593469967175,0.7330316742081447,0.2182340647857889,0.75
p50_cfg5_s44,0.5,5,44,807,768,0.9516728624535316,53.33908730158731,20.449739583333333,34.9,599.75,"time
90.0     8
90.5     9
91.0     7
91.5     7
92.0     9
        ..
596.5    1
597.0    1
597.5    1
598.0    1
598.5    1
Length: 954, dtype: int64",1.3596530052226254,0.19423614360323221,0.34375779385042937,0.7782805429864253,0.3009433962264151,1.1
p50_cfg5_s45,0.5,5,45,857,798,0.9311551925320887,61.83968152866243,32.06516290726817,35.6,599.7,"time
90.0     13
90.5     13
91.0     13
91.5     12
92.0     13
         ..
597.5     2
598.0     2
598.5     1
599.0     1
599.5     2
Length: 940, dtype: int64",1.414642793830881,0.20209182769012585,0.4681128560021294,0.7782805429864253,0.263031914893617,0.8
p50_cfg5_s46,0.5,5,46,811,753,0.9284833538840938,58.076490514905146,28.984993359893757,33.9,599.1,"time
90.0     11
90.5     11
91.0     13
91.5     12
92.0     11
         ..
597.5     3
598.0     3
598.5     3
599.0     2
599.5     2
Length: 957, dtype: int64",1.3322717622080678,0.1903245374582954,0.4171945701357466,0.7330316742081447,0.21410658307210034,0.85
p50_cfg6_s42,0.5,6,42,794,571,0.7191435768261965,94.59884955752212,66.39614711033275,34.300000000000004,597.35,"time
90.0     8
90.5     8
91.0     7
91.5     8
92.0     8
        ..
597.5    2
598.0    2
598.5    1
599.0    1
599.5    1
Length: 946, dtype: int64",1.0141195275730395,0.14487421822471994,0.3034424629580339,0.5520361990950227,0.16405919661733614,0.6
p50_cfg6_s43,0.5,6,43,823,590,0.7168894289185905,85.9548717948718,57.038983050847456,34.800000000000004,599.6,"time
90.0     8
90.5     8
91.0     7
91.5     8
92.0     6
        ..
595.0    2
595.5    2
596.0    1
596.5    1
597.0    1
Length: 901, dtype: int64",1.0446175637393766,0.14923108053419668,0.30024842516191996,0.497737556561086,0.17991120976692562,0.6
p50_cfg6_s44,0.5,6,44,807,586,0.7261462205700124,81.72517301038064,55.30409556313992,34.9,599.85,"time
90.0     8
90.5     9
91.0     9
91.5     9
92.0     9
        ..
597.5    1
598.0    1
598.5    1
599.0    2
599.5    2
Length: 942, dtype: int64",1.0372599345074784,0.14817999064392548,0.30608641646703927,0.5520361990950227,0.1728768577494692,0.6
p50_cfg6_s45,0.5,6,45,857,612,0.7141190198366394,79.91691419141915,52.96903594771242,34.550000000000004,597.7,"time
90.0     10
90.5      8
91.0      8
91.5      7
92.0      7
         ..
597.5     3
598.0     3
598.5     2
599.0     2
599.5     2
Length: 940, dtype: int64",1.0867442066944861,0.15524917238492658,0.3082423919794162,0.5158371040723982,0.1697340425531915,0.55
p50_cfg6_s46,0.5,6,46,811,561,0.6917385943279901,89.4861510791367,61.232531194295895,33.9,596.9,"time
90.0     9
90.5     8
91.0     8
91.5     8
92.0     6
        ..
597.5    1
598.0    1
598.5    1
599.0    2
599.5    1
Length: 913, dtype: int64",0.9964476021314387,0.14234965744734837,0.3129003637654157,0.6334841628959276,0.17135815991237677,0.6
p70_cfg1_s42,0.7,1,42,794,564,0.7103274559193955,122.71220400728598,89.44015957446808,33.4,599.25,"time
90.0     5
90.5     6
91.0     4
91.5     4
92.0     4
        ..
597.5    3
598.0    4
598.5    3
599.0    3
599.5    3
Length: 1020, dtype: int64",0.9967305823097994,0.14239008318711419,0.35751929731168486,0.7873303167420814,0.1955392156862745,0.5
p70_cfg1_s43,0.7,1,43,823,580,0.7047387606318347,116.26106194690266,83.97706896551723,35.0,598.75,"time
90.0     6
90.5     7
91.0     8
91.5     8
92.0     7
        ..
597.5    3
598.0    3
598.5    3
599.0    3
599.5    2
Length: 1020, dtype: int64",1.0288248337028825,0.1469749762432689,0.36944370508384344,0.7420814479638009,0.20142156862745098,0.5
p70_cfg1_s44,0.7,1,44,807,559,0.6926889714993805,108.44292279411764,77.91046511627906,34.1,599.25,"time
90.0     7
90.5     7
91.0     8
91.5     8
92.0     7
        ..
597.5    2
598.0    3
598.5    3
599.0    2
599.5    3
Length: 1020, dtype: int64",0.9891179332920464,0.14130256189886378,0.3765149498713512,0.8778280542986425,0.18887254901960784,0.45
p70_cfg1_s45,0.7,1,45,857,579,0.67561260210035,111.160195035461,79.2261658031088,34.050000000000004,598.25,"time
90.0     10
90.5     10
91.0     10
91.5     10
92.0      9
         ..
597.5     3
598.0     3
598.5     4
599.0     3
599.5     3
Length: 1020, dtype: int64",1.0262318326834454,0.1466045475262065,0.3892289947653269,0.8778280542986425,0.19897058823529412,0.5
p70_cfg1_s46,0.7,1,46,811,575,0.7090012330456227,123.64821746880574,90.86008695652174,33.0,598.75,"time
90.0     7
90.5     8
91.0     7
91.5     6
92.0     6
        ..
597.5    2
598.0    2
598.5    2
599.0    2
599.5    2
Length: 1020, dtype: int64",1.0163499779054352,0.14519285398649076,0.3631443527637299,0.8054298642533937,0.1905392156862745,0.45
p70_cfg2_s42,0.7,2,42,794,794,1.0,55.79647519582246,25.660642317380344,33.4,598.5,"time
90.0     6
90.5     6
91.0     6
91.5     6
92.0     7
        ..
597.5    3
598.0    3
598.5    3
599.0    3
599.5    3
Length: 927, dtype: int64",1.4050610511413908,0.20072300730591297,0.3792051937831989,0.7963800904977375,0.20199568500539375,0.55
p70_cfg2_s43,0.7,2,43,823,820,0.9963547995139733,58.7759165613148,28.872195121951208,34.95,598.25,"time
90.0     8
90.5     9
91.0     8
91.5     8
92.0     9
        ..
597.5    3
598.0    2
598.5    3
599.0    3
599.5    2
Length: 972, dtype: int64",1.4557074383099593,0.20795820547285132,0.3969542958551293,0.7692307692307693,0.20349794238683128,0.6
p70_cfg2_s44,0.7,2,44,807,778,0.9640644361833953,56.58368841544608,27.498264781490985,33.65,599.0,"time
90.0     8
90.5     7
91.0     8
91.5     8
92.0     8
        ..
597.5    3
598.0    3
598.5    2
599.0    3
599.5    3
Length: 940, dtype: int64",1.3761386751569824,0.19659123930814035,0.40255021461722557,0.7782805429864253,0.2003191489361702,0.5
p70_cfg2_s45,0.7,2,45,857,822,0.9591598599766628,58.34766708701135,28.87864963503649,34.050000000000004,599.75,"time
90.0     7
90.5     7
91.0     7
91.5     7
92.0     6
        ..
597.5    3
598.0    3
598.5    3
599.0    3
599.5    2
Length: 983, dtype: int64",1.4530669966413292,0.20758099952018988,0.422829142679826,0.8235294117647058,0.1873855544252289,0.5
p70_cfg2_s46,0.7,2,46,811,784,0.966707768187423,58.097757255936685,28.313647959183665,33.0,599.25,"time
90.0     8
90.5     8
91.0     8
91.5     9
92.0     8
        ..
597.5    3
598.0    3
598.5    4
599.0    4
599.5    3
Length: 927, dtype: int64",1.3845474613686535,0.1977924944812362,0.40822264389626817,0.832579185520362,0.1960086299892125,0.45
p70_cfg3_s42,0.7,3,42,794,794,1.0,51.68921319796956,14.583312342569265,34.35,563.5,"time
90.0     11
90.5     10
91.0     11
91.5     11
92.0     12
         ..
593.5     3
594.0     2
594.5     2
595.0     2
595.5     1
Length: 766, dtype: int64",1.5005197014079183,0.21435995734398833,0.3563243995823181,0.8687782805429864,0.46860313315926894,0.85
p70_cfg3_s43,0.7,3,43,823,823,1.0,53.82740147783252,16.96263669501822,34.45,566.0,"time
90.0     10
90.5     11
91.0     11
91.5     10
92.0     10
         ..
597.5     3
598.0     3
598.5     3
599.0     1
599.5     1
Length: 806, dtype: int64",1.5483021352647919,0.2211860193235417,0.4008087031866756,0.9230769230769231,0.4823200992555831,0.85
p70_cfg3_s44,0.7,3,44,807,807,1.0,49.24215686274512,14.25613382899627,35.4,587.75,"time
90.0     14
90.5     13
91.0     14
91.5     15
92.0     15
         ..
597.5    14
598.0    14
598.5    12
599.0    13
599.5    14
Length: 735, dtype: int64",1.4610301439304787,0.2087185919900684,0.3820644883263479,0.9864253393665159,0.5015646258503401,1.0
p70_cfg3_s45,0.7,3,45,857,857,1.0,52.63226392251817,15.81977829638272,34.6,578.5,"time
90.0     13
90.5     14
91.0     15
91.5     15
92.0     14
         ..
597.5    16
598.0    16
598.5    16
599.0    14
599.5    15
Length: 807, dtype: int64",1.5756572899430044,0.22509389856328635,0.40004940968429814,0.9230769230769231,0.576456009913259,1.1
p70_cfg3_s46,0.7,3,46,811,811,1.0,51.762483745123546,15.001294697903813,33.7,584.75,"time
90.0     13
90.5     13
91.0     13
91.5     14
92.0     15
         ..
597.5    12
598.0    13
598.5    13
599.0    12
599.5    12
Length: 743, dtype: int64",1.4717357771527086,0.21024796816467267,0.3719138261972241,0.9683257918552036,0.6106325706594886,1.3
p70_cfg4_s42,0.7,4,42,794,794,1.0,47.2229219143577,7.925503778337522,34.35,553.15,"time
90.0     13
90.5     13
91.0     12
91.5     13
92.0     14
         ..
583.0     3
583.5     1
584.0     1
584.5     1
585.0     1
Length: 646, dtype: int64",1.530454895913647,0.21863641370194958,0.3005708969425297,0.6968325791855203,0.590092879256966,1.25
p70_cfg4_s43,0.7,4,43,823,823,1.0,47.66846901579588,8.668226002430126,34.45,551.25,"time
90.0     11
90.5      9
91.0     11
91.5     12
92.0     13
         ..
582.5     4
583.0     4
583.5     2
584.0     2
584.5     2
Length: 687, dtype: int64",1.5924922600619196,0.22749889429455994,0.3375548758394634,0.7692307692307693,0.5673216885007278,1.15
p70_cfg4_s44,0.7,4,44,807,807,1.0,47.37084398976984,8.556815365551413,35.35,569.5500000000001,"time
90.0      9
90.5      8
91.0      8
91.5      9
92.0      8
         ..
597.5    15
598.0    13
598.5    13
599.0    12
599.5    10
Length: 659, dtype: int64",1.5106701609883937,0.21581002299834195,0.3393081839620676,0.8235294117647058,0.5768588770864947,1.45
p70_cfg4_s45,0.7,4,45,857,857,1.0,49.34439809296782,9.471936989498245,34.7,579.85,"time
90.0     14
90.5     14
91.0     15
91.5     14
92.0     15
         ..
597.5    10
598.0    10
598.5     9
599.0     8
599.5     8
Length: 719, dtype: int64",1.572044391451894,0.22457777020741343,0.33210462421366294,0.8054298642533937,0.6965924895688456,1.45
p70_cfg4_s46,0.7,4,46,811,811,1.0,47.483060453400505,7.714549938347713,33.7,568.85,"time
90.0     12
90.5     12
91.0     11
91.5     11
92.0     12
         ..
597.5     8
598.0     7
598.5     7
599.0     7
599.5     5
Length: 667, dtype: int64",1.5154629543118752,0.2164947077588393,0.2992913228639872,0.7239819004524887,0.6284107946026987,1.4
p70_cfg5_s42,0.7,5,42,794,794,1.0,47.75264483627205,7.473362720403016,34.550000000000004,577.0,"time
90.0     20
90.5     21
91.0     21
91.5     20
92.0     21
         ..
592.5     1
593.0     1
593.5     1
594.0     1
594.5     1
Length: 710, dtype: int64",1.4637293759793528,0.20910419656847898,0.23916083916083916,0.6787330316742082,0.6984507042253522,1.75
p70_cfg5_s43,0.7,5,43,823,823,1.0,48.68160146699267,8.247934386391243,34.800000000000004,574.25,"time
90.0     20
90.5     20
91.0     19
91.5     20
92.0     19
         ..
592.5     3
593.0     2
593.5     1
594.0     1
594.5     1
Length: 741, dtype: int64",1.5256279543979978,0.2179468506282854,0.2542682231263546,0.6968325791855203,0.7293522267206478,1.55
p70_cfg5_s44,0.7,5,44,807,799,0.990086741016109,47.786658031088095,8.901251564455562,34.9,597.25,"time
90.0     15
90.5     15
91.0     16
91.5     17
92.0     17
         ..
597.5     7
598.0     7
598.5     7
599.0     7
599.5     5
Length: 710, dtype: int64",1.4208233306659552,0.2029747615237079,0.27897692628606274,0.7873303167420814,0.6526760563380282,1.5
p70_cfg5_s45,0.7,5,45,857,847,0.9883313885647608,49.88349397590362,11.405076741440372,35.6,597.75,"time
90.0     15
90.5     16
91.0     16
91.5     14
92.0     15
         ..
597.5     2
598.0     1
598.5     1
599.0     1
599.5     1
Length: 800, dtype: int64",1.5067152895134752,0.21524504135906788,0.28626769467505286,0.7963800904977375,0.659625,1.7
p70_cfg5_s46,0.7,5,46,811,808,0.9963008631319359,47.527290322580654,9.751547029702966,33.9,599.65,"time
90.0     15
90.5     16
91.0     16
91.5     16
92.0     16
         ..
597.5    10
598.0    11
598.5     9
599.0     9
599.5     9
Length: 738, dtype: int64",1.4281926646045073,0.20402752351492962,0.25119398435118384,0.7692307692307693,0.6567750677506775,1.7
p70_cfg6_s42,0.7,6,42,794,723,0.9105793450881612,64.66520223152023,31.19744121715076,34.300000000000004,599.85,"time
90.0     15
90.5     16
91.0     15
91.5     16
92.0     16
         ..
597.5     2
598.0     2
598.5     2
599.0     1
599.5     1
Length: 967, dtype: int64",1.2784015560074262,0.1826287937153466,0.3071688403868335,0.5520361990950227,0.29607032057911065,1.2
p70_cfg6_s43,0.7,6,43,823,762,0.9258809234507898,63.133487450462354,28.16010498687664,34.800000000000004,599.9,"time
90.0     13
90.5     13
91.0     11
91.5     11
92.0     14
         ..
596.5     1
597.0     1
597.5     1
599.0     1
599.5     1
Length: 960, dtype: int64",1.3484339055034507,0.19263341507192153,0.3114453021027415,0.5339366515837104,0.370625,1.3
p70_cfg6_s44,0.7,6,44,807,746,0.9244114002478315,55.85914634146343,20.829088471849865,34.9,599.7,"time
90.0     13
90.5     13
91.0     11
91.5     13
92.0     14
         ..
597.5     2
598.0     1
598.5     1
599.0     1
599.5     1
Length: 952, dtype: int64",1.3208215297450423,0.18868878996357746,0.2879473467708762,0.5610859728506787,0.33298319327731096,1.15
p70_cfg6_s45,0.7,6,45,857,752,0.8774795799299884,63.16454423592495,29.05398936170213,34.550000000000004,598.0500000000001,"time
90.0     13
90.5     13
91.0     14
91.5     14
92.0     14
         ..
597.5     1
598.0     1
598.5     1
599.0     1
599.5     1
Length: 947, dtype: int64",1.3345164152617566,0.19064520218025094,0.31111702599591873,0.5610859728506787,0.3383843717001056,1.05
p70_cfg6_s46,0.7,6,46,811,752,0.9272503082614056,66.52573924731183,32.4875,33.9,597.7,"time
90.0     15
90.5     13
91.0     15
91.5     16
92.0     15
         ..
597.5     2
598.0     2
598.5     2
599.0     2
599.5     1
Length: 952, dtype: int64",1.3338063142958494,0.19054375918512134,0.3158104870907639,0.6244343891402715,0.32605042016806723,1.25
p80_cfg1_s42,0.8,1,42,794,466,0.5869017632241813,159.99812362030906,123.34420600858368,34.45,598.25,"time
90.0     5
90.5     5
91.0     5
91.5     5
92.0     5
        ..
597.5    3
598.0    3
598.5    3
599.0    3
599.5    2
Length: 1020, dtype: int64",0.8265342319971621,0.11807631885673744,0.40821577499778194,1.0226244343891402,0.18019607843137256,0.5
p80_cfg1_s43,0.8,1,43,823,485,0.5893074119076549,146.7915254237288,112.93783505154636,35.0,598.75,"time
90.0     6
90.5     6
91.0     6
91.5     5
92.0     6
        ..
597.5    3
598.0    3
598.5    3
599.0    3
599.5    2
Length: 1020, dtype: int64",0.8603104212860311,0.1229014887551473,0.426581492325437,0.9321266968325792,0.17362745098039217,0.45
p80_cfg1_s44,0.8,1,44,807,470,0.5824039653035935,144.69626373626377,110.68106382978723,34.1,599.25,"time
90.0     3
90.5     2
91.0     2
91.5     4
92.0     4
        ..
597.5    3
598.0    3
598.5    3
599.0    3
599.5    4
Length: 1020, dtype: int64",0.8316376183314165,0.11880537404734522,0.42709608730369975,1.0135746606334841,0.1709313725490196,0.4
p80_cfg1_s45,0.8,1,45,857,494,0.5764294049008168,142.44114583333334,109.33542510121455,34.550000000000004,598.5,"time
90.0     10
90.5     10
91.0      8
91.5      8
92.0      9
         ..
597.5     3
598.0     4
598.5     3
599.0     3
599.5     3
Length: 1020, dtype: int64",0.8759641812217395,0.12513774017453422,0.43972140892556116,0.9773755656108597,0.17882352941176471,0.5
p80_cfg1_s46,0.8,1,46,811,485,0.5980271270036991,150.00371549893842,116.52288659793813,34.7,598.75,"time
90.0     7
90.5     6
91.0     6
91.5     6
92.0     6
        ..
597.5    2
598.0    3
598.5    3
599.0    3
599.5    2
Length: 1020, dtype: int64",0.8598528499246522,0.12283612141780745,0.4104249844734274,0.9321266968325792,0.17465686274509803,0.5
p80_cfg2_s42,0.8,2,42,794,782,0.9848866498740554,64.383598937583,34.21988491048592,34.5,598.5,"time
90.0     5
90.5     6
91.0     4
91.5     6
92.0     6
        ..
597.5    3
598.0    3
598.5    3
599.0    3
599.5    3
Length: 982, dtype: int64",1.3865248226950355,0.19807497467071936,0.4238950591891768,0.7873303167420814,0.18482688391038699,0.55
p80_cfg2_s43,0.8,2,43,823,797,0.968408262454435,69.09066147859923,38.35420326223336,34.95,598.5,"time
90.0     4
90.5     4
91.0     5
91.5     5
92.0     5
        ..
597.5    3
598.0    3
598.5    3
599.0    3
599.5    3
Length: 1019, dtype: int64",1.4142489575015527,0.20203556535736467,0.464785733297844,0.7963800904977375,0.1828753680078508,0.45
p80_cfg2_s44,0.8,2,44,807,747,0.9256505576208178,64.1594839609484,34.37222222222221,33.65,599.75,"time
90.0     6
90.5     6
91.0     5
91.5     5
92.0     4
        ..
597.5    3
598.0    3
598.5    2
599.0    3
599.5    3
Length: 969, dtype: int64",1.3195548489666136,0.1885078355666591,0.442658761117179,0.8235294117647058,0.173890608875129,0.4
p80_cfg2_s45,0.8,2,45,857,797,0.9299883313885647,67.94694408322498,38.082496863237125,34.550000000000004,599.5,"time
90.0     6
90.5     6
91.0     5
91.5     5
92.0     6
        ..
597.5    3
598.0    3
598.5    3
599.0    3
599.5    3
Length: 1007, dtype: int64",1.4107443136560756,0.20153490195086793,0.47060601481033704,0.8416289592760181,0.18257199602780536,0.45
p80_cfg2_s46,0.8,2,46,811,764,0.9420468557336621,62.64633152173915,32.07958115183244,34.65,599.0,"time
90.0     6
90.5     8
91.0     7
91.5     7
92.0     7
        ..
597.5    3
598.0    3
598.5    3
599.0    3
599.5    3
Length: 951, dtype: int64",1.3537698236909719,0.19339568909871027,0.4397423926835691,0.8416289592760181,0.18338590956887485,0.5
p80_cfg3_s42,0.8,3,42,794,794,1.0,52.7791348600509,18.598677581863967,34.4,576.0,"time
90.0     9
90.5     9
91.0     7
91.5     9
92.0     9
        ..
596.0    4
596.5    3
597.0    3
597.5    2
598.0    1
Length: 780, dtype: int64",1.4660265878877399,0.20943236969824855,0.3974732314860445,0.8778280542986425,0.36608974358974355,0.65
p80_cfg3_s43,0.8,3,43,823,823,1.0,55.96122828784119,21.85103280680437,34.45,580.25,"time
90.0     7
90.5     7
91.0     8
91.5     8
92.0     8
        ..
597.5    7
598.0    7
598.5    6
599.0    6
599.5    6
Length: 813, dtype: int64",1.5078783437156469,0.21541119195937813,0.4406644439152179,0.9230769230769231,0.3500615006150062,0.6
p80_cfg3_s44,0.8,3,44,807,807,1.0,53.39555112881807,21.756195786864915,35.4,598.75,"time
90.0     10
90.5     11
91.0     11
91.5     11
92.0     11
         ..
597.5     8
598.0     7
598.5     7
599.0     8
599.5     8
Length: 778, dtype: int64",1.4325019969823378,0.20464314242604825,0.44016330239035967,0.8868778280542986,0.34299485861182516,0.6
p80_cfg3_s45,0.8,3,45,857,857,1.0,56.1472872996301,23.67164527421236,34.6,597.5,"time
90.0     11
90.5     10
91.0     13
91.5     12
92.0     11
         ..
597.5     5
598.0     6
598.5     7
599.0     7
599.5     5
Length: 835, dtype: int64",1.5224729081542014,0.2174961297363145,0.4646415635120344,0.9049773755656109,0.33425149700598805,0.65
p80_cfg3_s46,0.8,3,46,811,811,1.0,53.95844327176783,23.028051787916144,33.800000000000004,599.5,"time
90.0     10
90.5      9
91.0     10
91.5     10
92.0      9
         ..
597.5     9
598.0    10
598.5    10
599.0    10
599.5     8
Length: 758, dtype: int64",1.4336220611631605,0.20480315159473722,0.43877654709887204,0.9049773755656109,0.33674142480211083,0.7
p80_cfg4_s42,0.8,4,42,794,794,1.0,48.22267002518892,10.76454659949621,34.35,554.5,"time
90.0     11
90.5     11
91.0     11
91.5     11
92.0     10
         ..
581.5     3
582.0     3
582.5     1
583.0     1
583.5     1
Length: 663, dtype: int64",1.526482745361915,0.21806896362313072,0.33760772588459137,0.8054298642533937,0.42684766214177977,0.8
p80_cfg4_s43,0.8,4,43,823,823,1.0,48.62891859052249,11.228979343863903,34.45,557.0,"time
90.0      9
90.5      9
91.0      7
91.5      9
92.0     10
         ..
581.0     4
581.5     2
582.0     2
582.5     2
583.0     1
Length: 665, dtype: int64",1.5749689024973688,0.2249955574996241,0.3689681359364617,0.8959276018099548,0.43729323308270673,0.95
p80_cfg4_s44,0.8,4,44,807,807,1.0,47.56707006369428,10.068525402726138,35.35,567.0,"time
90.0      9
90.5      9
91.0      9
91.5     10
92.0      9
         ..
597.5     9
598.0     8
598.5     8
599.0     7
599.5     7
Length: 668, dtype: int64",1.5179159221292204,0.21684513173274578,0.3589904904783798,0.9140271493212669,0.4807634730538922,1.05
p80_cfg4_s45,0.8,4,45,857,857,1.0,49.33683589138136,10.556826137689606,34.7,564.0,"time
90.0     10
90.5     10
91.0     11
91.5     11
92.0     11
         ..
595.0     4
595.5     2
596.0     2
596.5     2
597.0     2
Length: 697, dtype: int64",1.6191195919138486,0.2313027988448355,0.37012946204122676,0.7963800904977375,0.5459110473457676,1.15
p80_cfg4_s46,0.8,4,46,811,811,1.0,46.716120906801024,10.740690505548692,33.550000000000004,572.0,"time
90.0     13
90.5     12
91.0     13
91.5     13
92.0     13
         ..
597.5     3
598.0     3
598.5     2
599.0     2
599.5     1
Length: 653, dtype: int64",1.506175132324264,0.21516787604632343,0.3388097273304736,0.8778280542986425,0.4292496171516079,1.05
p80_cfg5_s42,0.8,5,42,794,794,1.0,48.99017632241815,6.185516372795962,33.4,564.3000000000001,"time
90.0     18
90.5     18
91.0     18
91.5     19
92.0     18
         ..
587.0     3
587.5     1
588.0     1
588.5     1
589.0     1
Length: 696, dtype: int64",1.4955735543416837,0.21365336490595482,0.2666202575704838,0.6606334841628959,0.7916666666666667,1.7
p80_cfg5_s43,0.8,5,43,823,823,1.0,49.11082725060828,6.092041312272167,34.800000000000004,554.9,"time
90.0     18
90.5     19
91.0     19
91.5     19
92.0     19
         ..
589.0     3
589.5     3
590.0     1
590.5     1
591.0     1
Length: 715, dtype: int64",1.5823880023072485,0.2260554289010355,0.29309363977699393,0.6968325791855203,0.8230069930069931,1.75
p80_cfg5_s44,0.8,5,44,807,807,1.0,47.96962676962677,5.942069392812878,34.9,569.95,"time
90.0     17
90.5     17
91.0     17
91.5     18
92.0     19
         ..
597.5    20
598.0    17
598.5    17
599.0    17
599.5    17
Length: 690, dtype: int64",1.508270255116344,0.21546717930233486,0.28515987654837277,0.7149321266968326,0.876159420289855,2.05
p80_cfg5_s45,0.8,5,45,857,857,1.0,49.1528009535161,7.063068844807461,35.6,573.35,"time
90.0     18
90.5     17
91.0     19
91.5     18
92.0     19
         ..
597.5     8
598.0     8
598.5     7
599.0     6
599.5     6
Length: 744, dtype: int64",1.593677359367736,0.22766819419539086,0.3031911113216934,0.7601809954751131,0.8291666666666666,1.7
p80_cfg5_s46,0.8,5,46,811,811,1.0,47.93176020408164,6.314796547472249,33.1,566.25,"time
90.0     16
90.5     18
91.0     18
91.5     20
92.0     19
         ..
597.5    17
598.0    17
598.5    17
599.0    14
599.5    15
Length: 685, dtype: int64",1.5211478945887649,0.21730684208410928,0.282865646990004,0.7239819004524887,0.8470802919708029,1.95
p80_cfg6_s42,0.8,6,42,794,794,1.0,47.98930379746836,8.735453400503772,33.4,586.65,"time
90.0     19
90.5     19
91.0     20
91.5     21
92.0     21
         ..
597.5     2
598.0     3
598.5     3
599.0     3
599.5     3
Length: 900, dtype: int64",1.4351558969724356,0.20502227099606224,0.18897763498580672,0.6063348416289592,0.4922777777777778,1.6
p80_cfg6_s43,0.8,6,43,823,823,1.0,50.001285189718494,10.651154313487234,34.800000000000004,597.95,"time
90.0     16
90.5     18
91.0     17
91.5     18
92.0     18
         ..
597.5     1
598.0     1
598.5     1
599.0     1
599.5     1
Length: 935, dtype: int64",1.4614223563881734,0.20877462234116764,0.22008097165991902,0.5882352941176471,0.45176470588235296,1.3
p80_cfg6_s44,0.8,6,44,807,791,0.9801734820322181,47.37632258064517,8.220543615676354,34.9,596.85,"time
90.0     14
90.5     16
91.0     15
91.5     17
92.0     16
         ..
597.5     4
598.0     5
598.5     4
599.0     3
599.5     3
Length: 827, dtype: int64",1.4075985407954443,0.20108550582792062,0.22643222846764471,0.6606334841628959,0.5405683192261186,1.55
p80_cfg6_s45,0.8,6,45,857,839,0.9789964994165694,49.318110709987984,10.405899880810482,34.6,595.95,"time
90.0     16
90.5     16
91.0     18
91.5     16
92.0     16
         ..
597.5     2
598.0     2
598.5     2
599.0     2
599.5     2
Length: 940, dtype: int64",1.494611205130489,0.2135158864472127,0.23764890571613262,0.6244343891402715,0.48537234042553196,1.45
p80_cfg6_s46,0.8,6,46,811,799,0.9852034525277436,49.02201017811706,9.770337922403,33.1,596.15,"time
90.0     18
90.5     16
91.0     17
91.5     18
92.0     17
         ..
597.5     2
598.0     2
598.5     2
599.0     1
599.5     1
Length: 898, dtype: int64",1.4190569221205933,0.20272241744579905,0.2173303652403331,0.6515837104072398,0.473162583518931,1.4
